{
	"format_version": "1.8.0",
	"animations": {
		"attack_standing_polearm_one_handed_thrust": {
			"animation_length": 0.5,
			"bones": {
				"body": {
					"rotation": {
						"0.0": [0, 0, 0],
						"0.125": [0, -22.5, 0],
						"0.2083": [0, -22.5, 0],
						"0.5": [0, 0, 0]
					},
					"position": {
						"0.0": [0, 0, 0],
						"0.125": [0, -1, 0],
						"0.2083": [0, -1, 0],
						"0.5": [0, 0, 0]
					}
				},
				"head": {
					"rotation": {
						"0.0": [0, 0, 0],
						"0.125": [0, 0, 0],
						"0.2083": [0, 0, 0],
						"0.5": [0, 0, 0]
					},
					"position": {
						"0.0": [0, 0, 0],
						"0.125": [0, 0, 0],
						"0.2083": [0, 0, 0],
						"0.5": [0, 0, 0]
					}
				},
				"leftArm": {
					"rotation": {
						"0.0": [-45.73827, -0.37352, -1.18936],
						"0.125": [43.45709, -1.7867, -8.37602],
						"0.2083": [43.45709, -1.7867, -8.37602],
						"0.5": [0, 0, 0]
					},
					"position": {
						"0.0": [0, 0, 0],
						"0.125": [0, 0, 0],
						"0.2083": [0, 0, 0],
						"0.5": [0, 0, 0]
					}
				},
				"leftItem": {
					"rotation": {
						"0.0": [0, 0, 0],
						"0.125": [0, 0, 0],
						"0.2083": [0, 0, 0],
						"0.5": [0, 0, 0]
					},
					"position": {
						"0.0": [0, 0, 0],
						"0.125": [0, 0, 0],
						"0.2083": [0, 0, 0],
						"0.5": [0, 0, 0]
					}
				},
				"rightArm": {
					"rotation": {
						"0.0": [45, 0, 0],
						"0.125": [-67.37237, 16.08763, 1.88069],
						"0.2083": [-67.37237, 16.08763, 1.88069],
						"0.5": [0, 0, 0]
					},
					"position": {
						"0.0": [0, 0, 0],
						"0.125": [0, 0, 0],
						"0.2083": [0, 0, 0],
						"0.5": [0, 0, 0]
					}
				},
				"rightItem": {
					"rotation": {
						"0.0": [-22.5, 0, 0],
						"0.125": [67.5, 0, 0],
						"0.2083": [67.5, 0, 0],
						"0.5": [0, 0, 0]
					},
					"position": {
						"0.0": [0, -1, 3],
						"0.0417": [0, -0.33, -0.67],
						"0.0833": [0, -1.16, -5.33],
						"0.125": [0, -5, -8],
						"0.2083": [0, -5, -8],
						"0.375": [0, -0.14, -4.43],
						"0.5": [0, 0, 0]
					}
				},
				"leftLeg": {
					"rotation": {
						"0.0": [22.5, 0, 0],
						"0.125": [22.5, 0, 0],
						"0.2083": [22.5, 0, 0],
						"0.5": [0, 0, 0]
					},
					"position": {
						"0.0": [0, 0, 0],
						"0.125": [0, 0, 1],
						"0.2083": [0, 0, 1],
						"0.5": [0, 0, 0]
					}
				},
				"rightLeg": {
					"rotation": {
						"0.0": [-22.5, 0, 0],
						"0.125": [-22.5, 0, 0],
						"0.2083": [-22.5, 0, 0],
						"0.5": [0, 0, 0]
					},
					"position": {
						"0.0": [0, 1, -1],
						"0.125": [0, 0, -1],
						"0.2083": [0, 0, -1],
						"0.5": [0, 0, 0]
					}
				}
			}
		}
	}
}