{
	"format_version": "1.8.0",
	"animations": {
		"attack_standing_polearm_two_handed_thrust": {
			"animation_length": 0.5,
			"bones": {
				"body": {
					"rotation": {
						"0.0": [0, -22.5, 0],
						"0.125": [47.26579, -58.60029, -42.73421],
						"0.2083": [47.26579, -58.60029, -42.73421],
						"0.5": [0, -22.5, 0]
					},
					"position": {
						"0.0": [0, 0, 0],
						"0.125": [0, -1, 0],
						"0.2083": [0, -1, 0]
					}
				},
				"leftArm": {
					"rotation": {
						"0.0": [12.5, 0, 0],
						"0.125": [-45.28089, 35.39626, 29.83757],
						"0.2083": [-45.28089, 35.39626, 29.83757],
						"0.5": [12.5, 0, 0]
					}
				},
				"rightArm": {
					"rotation": {
						"0.0": [-38.6632, -42.85882, -11.52421],
						"0.125": [-59.0486, 29.156, 51.76273],
						"0.2083": [-59.0486, 29.156, 51.76273],
						"0.5": [-38.6632, -42.85882, -11.52421]
					},
					"position": {
						"0.0": [2, 0, -2],
						"0.125": [2, 0, 0],
						"0.2083": [2, 0, 0],
						"0.5": [2, 0, -2]
					}
				},
				"rightItem": {
					"rotation": {
						"0.0": [43.57934, 47.92513, 52.99951],
						"0.0417": [53.10107, 45.02295, 49.23024],
						"0.125": [94.64454, 39.21858, 41.69169],
						"0.2083": [94.64454, 39.21858, 41.69169],
						"0.5": [43.57934, 47.92513, 52.99951]
					},
					"position": {
						"0.0": [-3, -3, -6.75],
						"0.0417": [-3.67, -4, -6.75],
						"0.125": [-8, -12, -6.75],
						"0.2083": [-8, -12, -6.75],
						"0.25": [-7.29, -9.71, -6.75],
						"0.2917": [-6.57, -7.59, -6.75],
						"0.5": [-3, -3, -6.75]
					}
				},
				"leftLeg": {
					"rotation": {
						"0.0": [0, 0, 0],
						"0.125": [22.5, 0, 0],
						"0.2083": [22.5, 0, 0],
						"0.5": [0, 0, 0]
					},
					"position": {
						"0.0": [0, 0, 1],
						"0.125": [-1, 0, 1],
						"0.2083": [-1, 0, 1],
						"0.5": [0, 0, 1]
					}
				},
				"rightLeg": {
					"rotation": {
						"0.0": [0, 0, 0],
						"0.125": [-22.5, 0, 0],
						"0.2083": [-22.5, 0, 0],
						"0.5": [0, 0, 0]
					},
					"position": {
						"0.0": [0, 2, -3],
						"0.125": [1, 0, -2],
						"0.2083": [1, 0, -2],
						"0.5": [0, 0, -1]
					}
				},
				"head": {
					"rotation": {
						"0.0": [0, 22.5, 0],
						"0.125": [0, 67.5, 0],
						"0.2083": [0, 67.5, 0],
						"0.5": [0, 22.5, 0]
					}
				}
			}
		}
	}
}