{
	"format_version": "1.8.0",
	"animations": {
		"attack_standing_polearm_two_handed_thrust": {
			"animation_length": 0.5,
			"bones": {
				"body": {
					"rotation": {
						"0.0": [0, -22.5, 0],
						"0.125": [0, -67.5, 0],
						"0.2083": [0, -67.5, 0],
						"0.5": [0, -22.5, 0]
					},
					"position": {
						"0.0": [0, 0, 0],
						"0.125": [0, -1, 0],
						"0.2083": [0, -1, 0]
					}
				},
				"leftArm": {
					"rotation": {
						"0.0": [29.78729, 3.74196, -6.50446],
						"0.125": [-45.28089, 35.39626, 29.83757],
						"0.2083": [-45.28089, 35.39626, 29.83757],
						"0.5": [12.5, 0, 0]
					}
				},
				"rightArm": {
					"rotation": {
						"0.0": [-38.6632, -42.85882, -11.52421],
						"0.125": [-47.91756, 9.40989, 40.25485],
						"0.2083": [-47.91756, 9.40989, 40.25485],
						"0.5": [-38.6632, -42.85882, -11.52421]
					},
					"position": {
						"0.0": [2, 0, -2],
						"0.125": [2, 0, 0],
						"0.2083": [2, 0, 0],
						"0.5": [2, 0, -2]
					}
				},
				"rightItem": {
					"rotation": {
						"0.0": [51.07934, 47.92513, 52.99951],
						"0.125": [94.64454, 39.21858, 41.69169],
						"0.2083": [94.64454, 39.21858, 41.69169],
						"0.5": [43.57934, 47.92513, 52.99951]
					},
					"position": {
						"0.0": [-3, -3, -6.75],
						"0.125": [-8, -12, -6.75],
						"0.2083": [-8, -12, -6.75],
						"0.5": [-3, -3, -6.75]
					}
				},
				"leftLeg": {
					"rotation": {
						"0.0": [0, 0, 0],
						"0.125": [22.5, 0, 0],
						"0.2083": [22.5, 0, 0],
						"0.5": [0, 0, 0]
					},
					"position": {
						"0.0": [0, 0, 1],
						"0.125": [-1, 0, 1],
						"0.2083": [-1, 0, 1],
						"0.5": [0, 0, 1]
					}
				},
				"rightLeg": {
					"rotation": {
						"0.0": [0, 0, 0],
						"0.125": [-22.5, 0, 0],
						"0.2083": [-22.5, 0, 0],
						"0.5": [0, 0, 0]
					},
					"position": {
						"0.0": [0, 2, -3],
						"0.125": [1, 0, -2],
						"0.2083": [1, 0, -2],
						"0.5": [0, 0, -1]
					}
				}
			}
		}
	}
}