{
	"format_version": "1.8.0",
	"animations": {
		"attack_standing_polearm_one_handed_thrust": {
			"animation_length": 0.5,
			"bones": {
				"body": {
					"rotation": {
						"0.0": [0, 22.5, 0],
						"0.125": [24.14867, -20.70481, -9.00717],
						"0.2083": [24.14867, -20.70481, -9.00717],
						"0.5": [0, 0, 0]
					},
					"position": {
						"0.0": [0, 0, 0],
						"0.125": [0, -1, 0],
						"0.2083": [0, -1, 0],
						"0.5": [0, 0, 0]
					}
				},
				"head": {
					"rotation": {
						"0.0": [0, 0, 0],
						"0.125": [0, 0, 0],
						"0.2083": [0, 0, 0],
						"0.5": [0, 0, 0]
					},
					"position": {
						"0.0": [0, 0, 0],
						"0.125": [0, 0, 0],
						"0.2083": [0, 0, 0],
						"0.5": [0, 0, 0]
					}
				},
				"leftArm": {
					"rotation": {
						"0.0": [-45, -22.5, 0],
						"0.125": [20.85133, 20.70481, -9.00717],
						"0.2083": [20.85133, 20.70481, -9.00717],
						"0.5": [0, 0, 0]
					},
					"position": {
						"0.0": [0, 0, 0],
						"0.125": [0, 0, 0],
						"0.2083": [0, 0, 0],
						"0.5": [0, 0, 0]
					}
				},
				"leftItem": {
					"rotation": {
						"0.0": [0, 0, 0],
						"0.125": [0, 0, 0],
						"0.2083": [0, 0, 0],
						"0.5": [0, 0, 0]
					},
					"position": {
						"0.0": [0, 0, 0],
						"0.125": [0, 0, 0],
						"0.2083": [0, 0, 0],
						"0.5": [0, 0, 0]
					}
				},
				"rightArm": {
					"rotation": {
						"0.0": [45, -22.5, 0],
						"0.125": [-83.4434, 14.72409, 14.35869],
						"0.2083": [-83.4434, 14.72409, 14.35869],
						"0.5": [0, 0, 0]
					},
					"position": {
						"0.0": [0, 0, 0],
						"0.125": [0, 0, 0],
						"0.2083": [0, 0, 0],
						"0.5": [0, 0, 0]
					}
				},
				"rightItem": {
					"rotation": {
						"0.0": [-22.5, 0, 0],
						"0.0833": [25, 0, 0],
						"0.125": [67.5, 0, 0],
						"0.2083": [67.5, 0, 0],
						"0.5": [0, 0, 0]
					},
					"position": {
						"0.0": [0, -1, 3],
						"0.0417": [-0.33, 0.33, -1],
						"0.0833": [-0.66, -0.83, -4],
						"0.125": [-1, -6, -9],
						"0.2083": [-1, -6, -9],
						"0.375": [-0.43, -1.57, -3.86],
						"0.4167": [-0.29, -0.05, -2.57],
						"0.5": [0, 0, 0]
					}
				},
				"leftLeg": {
					"rotation": {
						"0.0": [22.5, 0, 0],
						"0.125": [22.5, 0, 0],
						"0.2083": [22.5, 0, 0],
						"0.5": [0, 0, 0]
					},
					"position": {
						"0.0": [0, 0, 0],
						"0.125": [0, 0, 1],
						"0.2083": [0, 0, 1],
						"0.5": [0, 0, 0]
					}
				},
				"rightLeg": {
					"rotation": {
						"0.0": [-22.5, 0, 0],
						"0.125": [-22.5, 0, 0],
						"0.2083": [-22.5, 0, 0],
						"0.5": [0, 0, 0]
					},
					"position": {
						"0.0": [0, 1, -1],
						"0.125": [0, 0, -1],
						"0.2083": [0, 0, -1],
						"0.5": [0, 0, 0]
					}
				}
			}
		}
	}
}