{
	"format_version": "1.8.0",
	"animations": {
		"attack_standing_polearm_two_handed_thrust": {
			"animation_length": 0.5,
			"bones": {
				"body": {
					"rotation": {
						"0.0": [0, 67.5, 0],
						"0.0417": [103.9042, 78.63155, 106.0958],
						"0.125": [90, 67.5, 90],
						"0.2083": [90, 67.5, 90],
						"0.5": [0, 67.5, 0]
					},
					"position": {
						"0.0": [0, 0, 0],
						"0.125": [0, -1, 0],
						"0.2083": [0, -1, 0]
					}
				},
				"leftArm": {
					"rotation": {
						"0.0": [-45, 0, 0],
						"0.125": [-22.52955, -62.28732, -84.21844],
						"0.2083": [-22.52955, -62.28732, -84.21844],
						"0.5": [-45, 0, 0]
					}
				},
				"rightArm": {
					"rotation": {
						"0.0": [-22.5, 0, 0],
						"0.125": [-31.08563, -27.06984, -63.65164],
						"0.2083": [-31.08563, -27.06984, -63.65164],
						"0.5": [-22.5, 0, 0]
					}
				},
				"rightItem": {
					"rotation": {
						"0.0": [45.7576, -62.2773, -49.61715],
						"0.125": [93.85946, -54.29617, -49.19541],
						"0.2083": [93.85946, -54.29617, -49.19541],
						"0.5": [45.7576, -62.2773, -49.61715]
					},
					"position": {
						"0.0": [16, -1, -8],
						"0.125": [17, -15, -2],
						"0.2083": [17, -15, -2],
						"0.5": [16, -1, -8]
					}
				},
				"leftLeg": {
					"rotation": {
						"0.0": [0, 0, 0],
						"0.125": [-22.5, 0, 0],
						"0.2083": [-22.5, 0, 0],
						"0.5": [0, 0, 0]
					},
					"position": {
						"0.0": [-1, 3, -3],
						"0.0417": [-2.33, 2, -2.67],
						"0.125": [-2, 0, -2],
						"0.2083": [-2, 0, -2],
						"0.5": [-1, 0, -2]
					}
				},
				"rightLeg": {
					"rotation": {
						"0.0": [0, 0, 0],
						"0.125": [22.5, 0, 0],
						"0.2083": [22.5, 0, 0],
						"0.5": [0, 0, 0]
					},
					"position": {
						"0.0": [1, 0, 2],
						"0.0417": [2.33, 0, 2],
						"0.125": [2, 0, 2],
						"0.2083": [2, 0, 2],
						"0.5": [1, 0, 2]
					}
				}
			}
		}
	}
}