{
	"format_version": "1.8.0",
	"animations": {
		"backflip_test": {
			"animation_length": 2,
			"bones": {
				"body": {
					"rotation": {
						"0.0": [0, 0, 0],
						"0.125": [0, 0, 0],
						"0.25": [45, 0, 0],
						"0.375": [45, 0, 0],
						"0.5": [45, 0, 0],
						"0.625": [0, 0, 0],
						"0.75": [-22.5, 0, 0],
						"0.875": [-112.5, 0, 0],
						"1.0": [-225, 0, 0],
						"1.125": [-315, 0, 0],
						"1.25": [-337.5, 0, 0],
						"1.375": [-382.5, 0, 0],
						"1.5": [-360, 0, 0],
						"1.625": [-360, 0, 0],
						"1.75": [-360, 0, 0],
						"1.875": [-360, 0, 0],
						"2.0": [-360, 0, 0]
					},
					"position": {
						"0.0": [0, 0, 0],
						"0.125": [0, 0, 0],
						"0.25": [0, -3, 2],
						"0.375": [0, -3, 2],
						"0.5": [0, -3, 2],
						"0.625": [0, 0, 0],
						"0.75": [0, 5, 0],
						"0.875": [0, 8, 0],
						"1.0": [0, 8, 0],
						"1.125": [0, 2, 0],
						"1.25": [0, -3, 1],
						"1.375": [0, -1, 0],
						"1.5": [0, 0, 0],
						"1.625": [0, 0, 0],
						"1.75": [0, 0, 0],
						"1.875": [0, 0, 0],
						"2.0": [0, 0, 0]
					}
				},
				"head": {
					"rotation": {
						"0.0": [0, 0, 0],
						"0.125": [0, 0, 0]
					},
					"position": {
						"0.0": [0, 0, 0],
						"0.125": [0, 0, 0]
					}
				},
				"leftArm": {
					"rotation": {
						"0.0": [0, 0, 0],
						"0.125": [0, 0, 0],
						"0.25": [-45, 0, 0],
						"0.375": [-45, 0, 0],
						"0.5": [67.5, 0, 0],
						"0.625": [-67.5, 0, 0],
						"0.75": [-202.5, 0, 0],
						"0.875": [-90, 0, 0],
						"1.0": [-45, 0, 0],
						"1.125": [-45, 0, 0],
						"1.25": [-90, 0, 0],
						"1.375": [-202.32648, 2.86313, 6.93488],
						"1.5": [-179.82648, 2.86313, 6.93488],
						"1.625": [-179.82648, 2.86313, 6.93488],
						"1.75": [-45.07689, 2.86735, 1.92862],
						"1.875": [-0.32671, 2.84973, -3.07758],
						"2.0": [-0.32671, 2.84973, -3.07758]
					},
					"position": {
						"0.0": [0, 0, 0],
						"0.125": [0, 0, 0]
					}
				},
				"leftItem": {
					"rotation": {
						"0.0": [0, 0, 0],
						"0.125": [0, 0, 0]
					},
					"position": {
						"0.0": [0, 0, 0],
						"0.125": [0, 0, 0]
					}
				},
				"rightArm": {
					"rotation": {
						"0.0": [0, 0, 0],
						"0.125": [0, 0, 0],
						"0.25": [-45, 0, 0],
						"0.375": [-45, 0, 0],
						"0.5": [67.5, 0, 0],
						"0.625": [-67.5, 0, 0],
						"0.75": [-202.5, 0, 0],
						"0.875": [-90, 0, 0],
						"1.0": [-45, 0, 0],
						"1.125": [-45, 0, 0],
						"1.25": [-90, 0, 0],
						"1.375": [-202.42287, -1.91134, -4.62111],
						"1.5": [-179.92287, -1.91134, -4.62111],
						"1.625": [-179.92287, -1.91134, -4.62111],
						"1.75": [-45.08981, -1.91079, 0.38167],
						"1.875": [-0.25607, -1.89569, 5.38441],
						"2.0": [-0.25607, -1.89569, 5.38441]
					},
					"position": {
						"0.0": [0, 0, 0],
						"0.125": [0, 0, 0]
					}
				},
				"rightItem": {
					"rotation": {
						"0.0": [0, 0, 0],
						"0.125": [0, 0, 0]
					},
					"position": {
						"0.0": [0, 0, 0],
						"0.125": [0, 0, 0]
					}
				},
				"leftLeg": {
					"rotation": {
						"0.0": [0, 0, 0],
						"0.125": [0, 0, 0],
						"0.25": [0, 0, 0],
						"0.375": [0, 0, 0],
						"0.5": [0, 0, 0],
						"0.625": [0, 0, 0],
						"0.75": [0, 0, 0],
						"0.875": [-90, 0, 0],
						"1.0": [-225, 0, 0],
						"1.125": [-315, 0, 0],
						"1.25": [-360, 0, 0],
						"1.375": [-360, 0, 0],
						"1.5": [-360, 0, 0],
						"1.625": [-360, 0, 0],
						"1.75": [-360, 0, 0],
						"1.875": [-360, 0, 0],
						"2.0": [-360, 0, 0]
					},
					"position": {
						"0.0": [0, 0, 0],
						"0.125": [0, 0, 0],
						"0.25": [0, -1, 0],
						"0.375": [0, -1, 0],
						"0.5": [0, -1, 0],
						"0.625": [0, 0, 0],
						"0.75": [0, 6, 0],
						"0.875": [0, 12, 4],
						"1.0": [0, 5, -1],
						"1.125": [0, 3, -5],
						"1.25": [0, -1, 0],
						"1.375": [0, 0, 0],
						"1.5": [0, 0, 0],
						"1.625": [0, 0, 0],
						"1.75": [0, 0, 0],
						"1.875": [0, 0, 0],
						"2.0": [0, 0, 0]
					}
				},
				"rightLeg": {
					"rotation": {
						"0.0": [0, 0, 0],
						"0.125": [0, 0, 0],
						"0.25": [0, 0, 0],
						"0.375": [0, 0, 0],
						"0.5": [0, 0, 0],
						"0.625": [0, 0, 0],
						"0.75": [0, 0, 0],
						"0.875": [-90, 0, 0],
						"1.0": [-225, 0, 0],
						"1.125": [-315, 0, 0],
						"1.25": [-360, 0, 0],
						"1.375": [-360, 0, 0],
						"1.5": [-360, 0, 0],
						"1.625": [-360, 0, 0],
						"1.75": [-360, 0, 0],
						"1.875": [-360, 0, 0],
						"2.0": [-360, 0, 0]
					},
					"position": {
						"0.0": [0, 0, 0],
						"0.125": [0, 0, 0],
						"0.25": [0, -1, 0],
						"0.375": [0, -1, 0],
						"0.5": [0, -1, 0],
						"0.625": [0, 0, 0],
						"0.75": [0, 6, 0],
						"0.875": [0, 12, 4],
						"1.0": [0, 5, -1],
						"1.125": [0, 3, -5],
						"1.25": [0, -1, 0],
						"1.375": [0, 0, 0],
						"1.5": [0, 0, 0],
						"1.625": [0, 0, 0],
						"1.75": [0, 0, 0],
						"1.875": [0, 0, 0],
						"2.0": [0, 0, 0]
					}
				}
			}
		}
	}
}