{
	"format_version": "1.8.0",
	"animations": {
		"default_sprinting": {
			"animation_length": 0.5,
			"bones": {
				"head": {
					"rotation": {
						"0.0": {
							"vector": [-22.39384, 5.18936, 0.96039]
						},
						"0.25": {
							"vector": [-22.39384, -5.18936, -0.96039]
						},
						"0.5": {
							"vector": [-22.39384, 5.18936, 0.96039]
						}
					}
				},
				"body": {
					"rotation": {
						"0.0": {
							"vector": [22.67458, -6.92618, -2.88419]
						},
						"0.25": {
							"vector": [22.67458, 6.92618, 2.88419]
						},
						"0.5": {
							"vector": [22.67458, -6.92618, -2.88419]
						}
					},
					"position": {
						"0.0": {
							"vector": [0, -3, -4]
						},
						"0.125": {
							"vector": [0, -2, -4]
						},
						"0.25": {
							"vector": [0, -3, -4]
						},
						"0.375": {
							"vector": [0, -2, -4]
						},
						"0.5": {
							"vector": [0, -3, -4]
						}
					}
				},
				"left_arm": {
					"rotation": {
						"0.0": {
							"vector": [44.89078, 3.53329, -3.54002]
						},
						"0.25": {
							"vector": [-67.60922, 3.53329, -3.54002]
						},
						"0.5": {
							"vector": [44.89078, 3.53329, -3.54002]
						}
					}
				},
				"right_arm": {
					"rotation": {
						"0.0": {
							"vector": [-67.42266, 4.61854, 1.91757]
						},
						"0.25": {
							"vector": [45.07734, 4.61854, 1.91757]
						},
						"0.5": {
							"vector": [-67.42266, 4.61854, 1.91757]
						}
					}
				},
				"left_leg": {
					"rotation": {
						"0.0": {
							"vector": [-45, 0, 0]
						},
						"0.25": {
							"vector": [67.5, 0, 0]
						},
						"0.5": {
							"vector": [-45, 0, 0]
						}
					},
					"position": {
						"0.0": {
							"vector": [0, -1, -1]
						},
						"0.125": {
							"vector": [0, 0, -0.5]
						},
						"0.25": {
							"vector": [0, -1, 0]
						},
						"0.375": {
							"vector": [0, 0, 0.5]
						},
						"0.5": {
							"vector": [0, -1, -1]
						}
					}
				},
				"right_leg": {
					"rotation": {
						"0.0": {
							"vector": [67.5, 0, 0]
						},
						"0.25": {
							"vector": [-45, 0, 0]
						},
						"0.5": {
							"vector": [67.5, 0, 0]
						}
					},
					"position": {
						"0.0": {
							"vector": [0, -1, 0]
						},
						"0.125": {
							"vector": [0, 0, 0.5]
						},
						"0.25": {
							"vector": [0, -1, -1]
						},
						"0.375": {
							"vector": [0, 0, -0.5]
						},
						"0.5": {
							"vector": [0, -1, 0]
						}
					}
				}
			}
		}
	}
}