{
	"format_version": "1.8.0",
	"animations": {
		"default_sprinting": {
			"loop": true,
			"animation_length": 0.5,
			"bones": {
				"body": {
					"rotation": {
						"0.0": [0.02019, -17.30959, -0.96246],
						"0.25": [0.02019, 17.30959, 0.96246],
						"0.5": [0.02019, -17.30959, -0.96246]
					},
					"position": {
						"0.0": [0, -1, 0],
						"0.125": [0, 0, 0],
						"0.25": [0, -1, 0],
						"0.375": [0, 0, 0],
						"0.5": [0, -1, 0]
					}
				},
				"leftArm": {
					"rotation": {
						"0.0": [45, 0, -5],
						"0.25": [-45, 0, -5],
						"0.5": [45, 0, -5]
					},
					"position": {
						"0.0": [0, 0, 0],
						"0.25": [0, 0, 0],
						"0.5": [0, 0, 0]
					}
				},
				"leftItem": {
					"rotation": {
						"0.0": [0, 0, 0],
						"0.25": [0, 0, 0],
						"0.5": [0, 0, 0]
					},
					"position": {
						"0.0": [0, 0, 0],
						"0.25": [0, 0, 0],
						"0.5": [0, 0, 0]
					}
				},
				"rightArm": {
					"rotation": {
						"0.0": [-45.21803, -2.49048, 5.00474],
						"0.25": [44.78197, -2.49048, 5.00474],
						"0.5": [-45.21803, -2.49048, 5.00474]
					},
					"position": {
						"0.0": [0, 0, 0],
						"0.25": [0, 0, 0],
						"0.5": [0, 0, 0]
					}
				},
				"rightItem": {
					"rotation": {
						"0.0": [0, 0, 0],
						"0.25": [0, 0, 0],
						"0.5": [0, 0, 0]
					},
					"position": {
						"0.0": [0, 0, 0],
						"0.25": [0, 0, 0],
						"0.5": [0, 0, 0]
					}
				},
				"leftLeg": {
					"rotation": {
						"0.0": [-45, 0, 0],
						"0.25": [45, 0, 0],
						"0.5": [-45, 0, 0]
					},
					"position": {
						"0.0": [0, 0, 0],
						"0.25": [0, 0, 0],
						"0.3125": [0, 1, -1],
						"0.4375": [0, 1, 0.67],
						"0.5": [0, 0, 0]
					}
				},
				"rightLeg": {
					"rotation": {
						"0.0": [45, 0, 0],
						"0.25": [-45, 0, 0],
						"0.5": [45, 0, 0]
					},
					"position": {
						"0.0": [0, 0, 0],
						"0.0625": [0, 1, -1],
						"0.1875": [0, 1, 0.67],
						"0.25": [0, 0, 0],
						"0.5": [0, 0, 0]
					}
				},
				"head": {
					"position": {
						"0.0": [0, 0, 0],
						"0.125": [0, 0, 0],
						"0.25": [0, 0, 0],
						"0.375": [0, 0, 0],
						"0.5": [0, 0, 0]
					}
				}
			}
		}
	}
}