{
	"format_version": "1.8.0",
	"animations": {
		"jumping_polearm_1": {
			"animation_length": 1,
			"bones": {
				"body": {
					"rotation": {
						"0.0": [22.5, 0, 0],
						"0.125": [0, 0, 0],
						"0.25": [0, 0, 0],
						"1.0": [0, 0, 0]
					},
					"position": {
						"0.0": [0, -4, 1],
						"0.125": [0, 0, 0],
						"0.25": [0, 0, 0],
						"1.0": [0, 0, 0]
					}
				},
				"leftArm": {
					"rotation": {
						"0.0": [54.73561, -30, -40.26439],
						"0.25": [-180, 0, 17.5],
						"1.0": [-180, 0, 17.5]
					},
					"position": {
						"0.0": [0, 0, 0],
						"0.25": [0, 0, 0],
						"1.0": [0, 0, 0]
					}
				},
				"leftItem": {
					"rotation": {
						"0.0": [0, 0, 0],
						"0.125": [0, 0, 0],
						"0.25": [0, 0, 0],
						"1.0": [0, 0, 0]
					},
					"position": {
						"0.0": [0, 0, 0],
						"0.125": [0, 0, 0],
						"0.25": [0, 0, 0],
						"1.0": [0, 0, 0]
					}
				},
				"rightArm": {
					"rotation": {
						"0.0": [54.73561, 30, 42.76439],
						"0.25": [-180, 0, -15],
						"1.0": [-180, 0, -15]
					},
					"position": {
						"0.0": [0, 0, 0],
						"0.25": [0, 0, 0],
						"1.0": [0, 0, 0]
					}
				},
				"rightItem": {
					"rotation": {
						"0.0": [0, 0, 0],
						"0.125": [0, 0, 0],
						"0.25": [0, 0, 0],
						"1.0": [0, 0, 0]
					},
					"position": {
						"0.0": [0, 0, 0],
						"0.125": [0, 0, 0],
						"0.25": [0, 0, 0],
						"1.0": [0, 0, 0]
					}
				},
				"leftLeg": {
					"rotation": {
						"0.0": [0, 0, 0],
						"0.125": [22.5, 0, 0],
						"0.25": [22.5, 0, 0],
						"1.0": [22.5, 0, 0]
					},
					"position": {
						"0.0": [0, -1, 0],
						"0.125": [0, 1, 0],
						"0.25": [0, 1, 0],
						"1.0": [0, 1, 0]
					}
				},
				"rightLeg": {
					"rotation": {
						"0.0": [0, 0, 0],
						"0.125": [0, 0, 0],
						"0.25": [0, 0, 0],
						"1.0": [0, 0, 0]
					},
					"position": {
						"0.0": [0, -1, 0],
						"0.125": [0, 2, -1],
						"0.25": [0, 4, -2],
						"1.0": [0, 4, -2]
					}
				}
			}
		},
		"jumping_polearm_2": {
			"loop": true,
			"animation_length": 4,
			"bones": {
				"body": {
					"rotation": {
						"0.0": [0, 0, 0],
						"1.0": [0, 0, 0],
						"2.0": [0, 0, 0],
						"3.0": [0, 0, 0],
						"4.0": [0, 0, 0]
					},
					"position": {
						"0.0": [0, 0, 0],
						"1.0": [0, 0, 0],
						"2.0": [0, 0, 0],
						"3.0": [0, 0, 0],
						"4.0": [0, 0, 0]
					}
				},
				"leftArm": {
					"rotation": {
						"0.0": [-180, 0, 17.5],
						"1.0": [-180, 0, 22.5],
						"2.0": [-180, 0, 17.5],
						"3.0": [-180, 0, 22.5],
						"4.0": [-180, 0, 17.5]
					},
					"position": {
						"0.0": [0, 0, 0],
						"1.0": [0, 0, 0],
						"2.0": [0, 0, 0],
						"3.0": [0, 0, 0],
						"4.0": [0, 0, 0]
					}
				},
				"leftItem": {
					"rotation": {
						"0.0": [0, 0, 0],
						"1.0": [0, 0, 0],
						"2.0": [0, 0, 0],
						"3.0": [0, 0, 0],
						"4.0": [0, 0, 0]
					},
					"position": {
						"0.0": [0, 0, 0],
						"1.0": [0, 0, 0],
						"2.0": [0, 0, 0],
						"3.0": [0, 0, 0],
						"4.0": [0, 0, 0]
					}
				},
				"rightArm": {
					"rotation": {
						"0.0": [-180, 0, -15],
						"1.0": [-180, 0, -20],
						"2.0": [-180, 0, -15],
						"3.0": [-180, 0, -20],
						"4.0": [-180, 0, -15]
					},
					"position": {
						"0.0": [0, 0, 0],
						"1.0": [0, 0, 0],
						"2.0": [0, 0, 0],
						"3.0": [0, 0, 0],
						"4.0": [0, 0, 0]
					}
				},
				"rightItem": {
					"rotation": {
						"0.0": [0, 0, 0],
						"1.0": [0, 0, 0],
						"2.0": [0, 0, 0],
						"3.0": [0, 0, 0],
						"4.0": [0, 0, 0]
					},
					"position": {
						"0.0": [0, 0, 0],
						"1.0": [0, 0, 0],
						"2.0": [0, 0, 0],
						"3.0": [0, 0, 0],
						"4.0": [0, 0, 0]
					}
				},
				"leftLeg": {
					"rotation": {
						"0.0": [22.5, 0, 0],
						"1.0": [17.5, 0, 0],
						"2.0": [22.5, 0, 0],
						"3.0": [17.5, 0, 0],
						"4.0": [22.5, 0, 0]
					},
					"position": {
						"0.0": [0, 1, 0],
						"1.0": [0, 1, 0],
						"2.0": [0, 1, 0],
						"3.0": [0, 1, 0],
						"4.0": [0, 1, 0]
					}
				},
				"rightLeg": {
					"rotation": {
						"0.0": [0, 0, 0],
						"1.0": [-5, 0, 0],
						"2.0": [0, 0, 0],
						"3.0": [-5, 0, 0],
						"4.0": [0, 0, 0]
					},
					"position": {
						"0.0": [0, 4, -2],
						"1.0": [0, 4, -2],
						"2.0": [0, 4, -2],
						"3.0": [0, 4, -2],
						"4.0": [0, 4, -2]
					}
				}
			}
		},
		"jumping_polearm_3": {
			"animation_length": 0.5,
			"bones": {
				"body": {
					"rotation": {
						"0.0": [0, 0, 0],
						"0.0625": [0, 0, 0],
						"0.25": [22.5, 0, 0],
						"0.5": [0, 0, 0]
					},
					"position": {
						"0.0": [0, 0, 0],
						"0.0625": [0, 0, 0],
						"0.125": [0, 0, 0],
						"0.25": [0, -3, 1],
						"0.5": [0, 0, 0]
					}
				},
				"leftArm": {
					"rotation": {
						"0.0": [-135, 0, 17.5],
						"0.0625": [-135, 0, 17.5],
						"0.125": [-75.21783, 2.57594, 0.3342],
						"0.25": [54.73561, -30, -40.26439],
						"0.5": [0, 0, -5]
					},
					"position": {
						"0.0": [0, 0, 0],
						"0.0625": [0, 0, 0],
						"0.25": [0, 0, 0],
						"0.5": [0, 0, 0]
					}
				},
				"leftItem": {
					"rotation": {
						"0.0": [0, 0, 0],
						"0.0625": [0, 0, 0],
						"0.25": [0, 0, 0],
						"0.5": [0, 0, 0]
					},
					"position": {
						"0.0": [0, 0, 0],
						"0.0625": [0, 0, 0],
						"0.25": [0, 0, 0],
						"0.5": [0, 0, 0]
					}
				},
				"rightArm": {
					"rotation": {
						"0.0": [-135, 0, -15],
						"0.0625": [-135, 0, -15],
						"0.125": [-75.21783, -2.57594, 2.1658],
						"0.25": [54.73561, 30, 42.76439],
						"0.5": [0, 0, 7.5]
					},
					"position": {
						"0.0": [0, 0, 0],
						"0.0625": [0, 0, 0],
						"0.25": [0, 0, 0],
						"0.5": [0, 0, 0]
					}
				},
				"rightItem": {
					"rotation": {
						"0.0": [0, 0, 0],
						"0.0625": [0, 0, 0],
						"0.25": [0, 0, 0],
						"0.5": [0, 0, 0]
					},
					"position": {
						"0.0": [0, 0, 0],
						"0.0625": [0, 0, 0],
						"0.25": [0, 0, 0],
						"0.5": [0, 0, 0]
					}
				},
				"leftLeg": {
					"rotation": {
						"0.0": [0, 0, 0],
						"0.0625": [0, 0, 0],
						"0.125": [0, 0, 0],
						"0.25": [0, 0, 0],
						"0.5": [0, 0, 0]
					},
					"position": {
						"0.0": [0, 0, 0],
						"0.0625": [0, 0, 0],
						"0.125": [0, 0, 0],
						"0.25": [0, -1, 0],
						"0.5": [0, 0, 0]
					}
				},
				"rightLeg": {
					"rotation": {
						"0.0": [0, 0, 0],
						"0.25": [0, 0, 0],
						"0.5": [0, 0, 0]
					},
					"position": {
						"0.0": [0, 1, -2],
						"0.125": [0, 0.05, 0],
						"0.25": [0, -1, 0],
						"0.5": [0, 0, 0]
					}
				}
			}
		},
		"jumping_polearm_4": {
			"animation_length": 0.5,
			"bones": {
				"body": {
					"rotation": {
						"0.0": [0, 0, 0],
						"0.0625": [0, 0, 0],
						"0.25": [22.5, 0, 0],
						"0.5": [0, 0, 0]
					},
					"position": {
						"0.0": [0, 0, 0],
						"0.0625": [0, 0, 0],
						"0.125": [0, 0, 0],
						"0.25": [0, -3, 1],
						"0.5": [0, 0, 0]
					}
				},
				"leftArm": {
					"rotation": {
						"0.0": [-135, 0, 17.5],
						"0.0625": [-135, 0, 17.5],
						"0.125": [-109.25656, -11.86554, -20.48005],
						"0.25": [-67.5, 0, -5],
						"0.5": [0, 0, -5]
					},
					"position": {
						"0.0": [0, 0, 0],
						"0.0625": [0, 0, 0],
						"0.25": [0, 0, 0]
					}
				},
				"leftItem": {
					"rotation": {
						"0.0": [0, 0, 0],
						"0.0625": [0, 0, 0],
						"0.25": [0, 0, 0],
						"0.5": [0, 0, 0]
					},
					"position": {
						"0.0": [0, 0, 0],
						"0.0625": [0, 0, 0],
						"0.25": [0, 0, 0],
						"0.5": [0, 0, 0]
					}
				},
				"rightArm": {
					"rotation": {
						"0.0": [-135, 0, -15],
						"0.0625": [-135, 0, -15],
						"0.125": [-77.26585, -7.99365, 24.10659],
						"0.25": [54.73561, 30, 42.76439],
						"0.5": [0, 0, 7.5]
					},
					"position": {
						"0.0": [0, 0, 0],
						"0.0625": [0, 0, 0],
						"0.25": [0, 0, 0],
						"0.5": [0, 0, 0]
					}
				},
				"rightItem": {
					"rotation": {
						"0.0": [0, 0, 0],
						"0.0625": [0, 0, 0],