{
	"format_version": "1.8.0",
	"animations": {
		"polearm_attack_base_one_handed_thrust": {
			"animation_length": 0.625,
			"bones": {
				"body": {
					"rotation": {
						"0.0": [0, 0, 0],
						"0.125": [0, 22.5, 0],
						"0.375": [24.14867, -20.70481, -9.00717],
						"0.4583": [24.14867, -20.70481, -9.00717],
						"0.625": [0, 0, 0]
					},
					"position": {
						"0.0": [0, 0, 0],
						"0.125": [0, 0, 0],
						"0.375": [0, -1, 0],
						"0.4583": [0, -1, 0],
						"0.625": [0, 0, 0]
					}
				},
				"head": {
					"rotation": {
						"0.0": [0, 0, 0],
						"0.125": [0, 0, 0],
						"0.375": [0, 0, 0],
						"0.4583": [0, 0, 0],
						"0.625": [0, 0, 0]
					},
					"position": {
						"0.0": [0, 0, 0],
						"0.125": [0, 0, 0],
						"0.375": [0, 0, 0],
						"0.4583": [0, 0, 0],
						"0.625": [0, 0, 0]
					}
				},
				"leftArm": {
					"rotation": {
						"0.0": [0, 0, 0],
						"0.125": [-45, -22.5, 0],
						"0.375": [20.85133, 20.70481, -9.00717],
						"0.4583": [20.85133, 20.70481, -9.00717],
						"0.625": [0, 0, 0]
					},
					"position": {
						"0.0": [0, 0, 0],
						"0.125": [0, 0, 0],
						"0.375": [0, 0, 0],
						"0.4583": [0, 0, 0],
						"0.625": [0, 0, 0]
					}
				},
				"leftItem": {
					"rotation": {
						"0.0": [0, 0, 0],
						"0.125": [0, 0, 0],
						"0.375": [0, 0, 0],
						"0.4583": [0, 0, 0],
						"0.625": [0, 0, 0]
					},
					"position": {
						"0.0": [0, 0, 0],
						"0.125": [0, 0, 0],
						"0.375": [0, 0, 0],
						"0.4583": [0, 0, 0],
						"0.625": [0, 0, 0]
					}
				},
				"rightArm": {
					"rotation": {
						"0.0": [0, 0, 0],
						"0.125": [45, -22.5, 0],
						"0.375": [-83.26407, 19.69054, 14.96431],
						"0.4583": [-83.26407, 19.69054, 14.96431],
						"0.625": [0, 0, 0]
					},
					"position": {
						"0.0": [0, 0, 0],
						"0.125": [0, 0, 0],
						"0.375": [0, 0, 0],
						"0.4583": [0, 0, 0],
						"0.625": [0, 0, 0]
					}
				},
				"rightItem": {
					"rotation": {
						"0.0": [0, 0, 0],
						"0.125": [-22.5, 0, 0],
						"0.375": [67.5, 0, 0],
						"0.4583": [67.5, 0, 0],
						"0.625": [0, 0, 0]
					},
					"position": {
						"0.0": [0, 0, 0],
						"0.125": [0, 0, 0],
						"0.375": [0, 0, 0],
						"0.4583": [0, 0, 0],
						"0.625": [0, 0, 0]
					}
				},
				"leftLeg": {
					"rotation": {
						"0.0": [0, 0, 0],
						"0.125": [22.5, 0, 0],
						"0.375": [22.5, 0, 0],
						"0.4583": [22.5, 0, 0],
						"0.625": [0, 0, 0]
					},
					"position": {
						"0.0": [0, 0, 0],
						"0.125": [0, 0, 0],
						"0.375": [0, 0, 1],
						"0.4583": [0, 0, 1],
						"0.625": [0, 0, 0]
					}
				},
				"rightLeg": {
					"rotation": {
						"0.0": [0, 0, 0],
						"0.125": [-22.5, 0, 0],
						"0.375": [-22.5, 0, 0],
						"0.4583": [-22.5, 0, 0],
						"0.625": [0, 0, 0]
					},
					"position": {
						"0.0": [0, 0, 0],
						"0.125": [0, 1, -1],
						"0.375": [0, 0, -1],
						"0.4583": [0, 0, -1],
						"0.625": [0, 0, 0]
					}
				}
			}
		}
	}
}