{
	"format_version": "1.8.0",
	"animations": {
		"polearm_attack_base_one_hand_thrust": {
			"animation_length": 0.6667,
			"bones": {
				"head": {
					"rotation": {
						"0.0": {
							"vector": [0, 0, 0]
						},
						"0.2083": {
							"vector": [0, 0, 0]
						},
						"0.375": {
							"vector": [0, 0, 0]
						},
						"0.6667": {
							"vector": [0, 0, 0]
						}
					}
				},
				"body": {
					"rotation": {
						"0.0": {
							"vector": [0, 0, 0]
						},
						"0.2083": {
							"vector": [0, 22.5, 0]
						},
						"0.375": {
							"vector": [23.52113, -19.20826, -4.03523]
						},
						"0.6667": {
							"vector": [0, 0, 0]
						}
					},
					"position": {
						"0.0": {
							"vector": [0, 0, 0]
						},
						"0.2083": {
							"vector": [0, 0, 0]
						},
						"0.375": {
							"vector": [0, -2, 0]
						},
						"0.6667": {
							"vector": [0, 0, 0]
						}
					}
				},
				"left_arm": {
					"rotation": {
						"0.0": {
							"vector": [0.07713, -1.91134, -4.62111]
						},
						"0.2083": {
							"vector": [-44.92287, -1.91134, -4.62111]
						},
						"0.375": {
							"vector": [45.07713, -1.91134, -4.62111]
						},
						"0.6667": {
							"vector": [0.07713, -1.91134, -4.62111]
						}
					}
				},
				"right_arm": {
					"rotation": {
						"0.0": {
							"vector": [-0.07713, -1.91134, 4.62111]
						},
						"0.2083": {
							"vector": [22.42287, -1.91134, 4.62111]
						},
						"0.375": {
							"vector": [-84.62383, 14.65408, 25.29977]
						},
						"0.6667": {
							"vector": [-0.07713, -1.91134, 4.62111]
						}
					}
				},
				"left_leg": {
					"rotation": {
						"0.0": {
							"vector": [0, 0, 0]
						},
						"0.2083": {
							"vector": [22.5, 0, 0]
						},
						"0.375": {
							"vector": [45, 0, 0]
						},
						"0.6667": {
							"vector": [0, 0, 0]
						}
					},
					"position": {
						"0.0": {
							"vector": [0, 0, 0]
						},
						"0.2083": {
							"vector": [0, 0, 0]
						},
						"0.375": {
							"vector": [0, -2, 1]
						},
						"0.6667": {
							"vector": [0, 0, 0]
						}
					}
				},
				"right_leg": {
					"rotation": {
						"0.0": {
							"vector": [0, 0, 0]
						},
						"0.2083": {
							"vector": [-22.5, 0, 0]
						},
						"0.375": {
							"vector": [-20, 0, 0]
						},
						"0.6667": {
							"vector": [0, 0, 0]
						}
					},
					"position": {
						"0.0": {
							"vector": [0, 0, 0]
						},
						"0.2083": {
							"vector": [0, 0, 0]
						},
						"0.375": {
							"vector": [0, 0, -2]
						},
						"0.6667": {
							"vector": [0, 0, 0]
						}
					}
				},
				"weapon": {
					"rotation": {
						"0.0": {
							"vector": [-2.5, 0, 0]
						},
						"0.2083": {
							"vector": [-25, 0, 0]
						},
						"0.375": {
							"vector": [65, 0, 0]
						},
						"0.6667": {
							"vector": [-2.5, 0, 0]
						}
					},
					"position": {
						"0.0": {
							"vector": [0, 0, 0]
						},
						"0.2083": {
							"vector": [0, 0, 0]
						},
						"0.375": {
							"vector": [0, -2, -1]
						},
						"0.6667": {
							"vector": [0, 0, 0]
						}
					}
				}
			}
		}
	}
}