{
	"format_version": "1.8.0",
	"animations": {
		"polearm_one_handed_sprinting": {
			"loop": true,
			"animation_length": 0.5,
			"bones": {
				"left_sleeve": {
					"rotation": {
						"0.0": {
							"vector": [0, 0, 0]
						},
						"0.25": {
							"vector": [0, 0, 0]
						},
						"0.5": {
							"vector": [0, 0, 0]
						}
					}
				},
				"head": {
					"rotation": {
						"0.0": {
							"vector": [0.10584, 2.68937, 0.95575]
						},
						"0.25": {
							"vector": [0.10584, -2.68937, -0.95575]
						},
						"0.5": {
							"vector": [0.10584, 2.68937, 0.95575]
						}
					}
				},
				"headwear": {
					"rotation": {
						"0.0": {
							"vector": [0, 0, 0]
						},
						"0.25": {
							"vector": [0, 0, 0]
						},
						"0.5": {
							"vector": [0, 0, 0]
						}
					}
				},
				"body": {
					"rotation": {
						"0.0": {
							"vector": [22.67458, -6.92618, -2.88419]
						},
						"0.25": {
							"vector": [22.67458, 6.92618, 2.88419]
						},
						"0.5": {
							"vector": [22.67458, -6.92618, -2.88419]
						}
					},
					"position": {
						"0.0": {
							"vector": [0, -2, 0]
						},
						"0.125": {
							"vector": [0, -1, 0]
						},
						"0.25": {
							"vector": [0, -2, 0]
						},
						"0.375": {
							"vector": [0, -1, 0]
						},
						"0.5": {
							"vector": [0, -2, 0]
						}
					}
				},
				"jacket": {
					"rotation": {
						"0.0": {
							"vector": [0, 0, 0]
						},
						"0.25": {
							"vector": [0, 0, 0]
						},
						"0.5": {
							"vector": [0, 0, 0]
						}
					},
					"position": {
						"0.0": {
							"vector": [0, 0, 0]
						},
						"0.125": {
							"vector": [0, 0, 0]
						},
						"0.25": {
							"vector": [0, 0, 0]
						},
						"0.375": {
							"vector": [0, 0, 0]
						},
						"0.5": {
							"vector": [0, 0, 0]
						}
					}
				},
				"left_arm": {
					"rotation": {
						"0.0": {
							"vector": [44.56145, 7.05302, -7.10708]
						},
						"0.25": {
							"vector": [-67.64981, -1.09085, -5.44291]
						},
						"0.5": {
							"vector": [44.56145, 7.05302, -7.10708]
						}
					}
				},
				"right_arm": {
					"rotation": {
						"0.0": {
							"vector": [50.51436, 33.55543, 50.51436]
						},
						"0.25": {
							"vector": [50.51436, 33.55543, 50.51436]
						},
						"0.5": {
							"vector": [50.51436, 33.55543, 50.51436]
						}
					}
				},
				"right_sleeve": {
					"rotation": {
						"0.0": {
							"vector": [0, 0, 0]
						},
						"0.25": {
							"vector": [0, 0, 0]
						},
						"0.5": {
							"vector": [0, 0, 0]
						}
					}
				},
				"left_leg": {
					"rotation": {
						"0.0": {
							"vector": [-45, 0, 0]
						},
						"0.25": {
							"vector": [67.5, 0, 0]
						},
						"0.5": {
							"vector": [-45, 0, 0]
						}
					},
					"position": {
						"0.0": {
							"vector": [0, -1, -2]
						},
						"0.125": {
							"vector": [0, 0, -1.5]
						},
						"0.25": {
							"vector": [0, -1, 0]
						},
						"0.375": {
							"vector": [0, 0, -0.5]
						},
						"0.5": {
							"vector": [0, -1, -2]
						}
					}
				},
				"left_pants": {
					"rotation": {
						"0.0": {
							"vector": [0, 0, 0]
						},
						"0.25": {
							"vector": [0, 0, 0]
						},
						"0.5": {
							"vector": [0, 0, 0]
						}
					},
					"position": {
						"0.0": {
							"vector": [0, 0, 0]
						},
						"0.125": {
							"vector": [0, 0, 0]
						},
						"0.25": {
							"vector": [0, 0, 0]
						},
						"0.375": {
							"vector": [0, 0, 0]
						},
						"0.5": {
							"vector": [0, 0, 0]
						}
					}
				},
				"right_leg": {
					"rotation": {
						"0.0": {
							"vector": [67.5, 0, 0]
						},
						"0.25": {
							"vector": [-45, 0, 0]
						},
						"0.5": {
							"vector": [67.5, 0, 0]
						}
					},
					"position": {
						"0.0": {
							"vector": [0, -1, 0]
						},
						"0.125": {
							"vector": [0, 0, -0.5]
						},
						"0.25": {
							"vector": [0, -1, -2]
						},
						"0.375": {
							"vector": [0, 0, -1.5]
						},
						"0.5": {
							"vector": [0, -1, 0]
						}
					}
				},
				"right_pants": {
					"rotation": {
						"0.0": {
							"vector": [0, 0, 0]
						},
						"0.25": {
							"vector": [0, 0, 0]
						},
						"0.5": {
							"vector": [0, 0, 0]
						}
					},
					"position": {
						"0.0": {
							"vector": [0, 0, 0]
						},
						"0.125": {
							"vector": [0, 0, 0]
						},
						"0.25": {
							"vector": [0, 0, 0]
						},
						"0.375": {
							"vector": [0, 0, 0]
						},
						"0.5": {
							"vector": [0, 0, 0]
						}
					}
				},
				"weapon": {
					"rotation": {
						"0.0": {
							"vector": [0, 0, 0]
						},
						"0.25": {
							"vector": [0, 0, 0]
						},
						"0.5": {
							"vector": [0, 0, 0]
						}
					},
					"position": {
						"0.0": {
							"vector": [0, 0, 0]
						},
						"0.25": {
							"vector": [0, 0, 0]
						},
						"0.5": {
							"vector": [0, 0, 0]
						}
					}
				}
			}
		}
	}
}