{
	"format_version": "1.8.0",
	"animations": {
		"polearm_attack_base_one_hand_thrust": {
			"animation_length": 0.6667,
			"bones": {
				"head": {
					"rotation": {
						"0.0": [0, 0, 0],
						"0.2083": [0, 0, 0],
						"0.375": [0, 0, 0],
						"0.6667": [0, 0, 0]
					}
				},
				"body": {
					"rotation": {
						"0.0": [0, 0, 0],
						"0.2083": [0, 22.5, 0],
						"0.375": [23.52113, -19.20826, -4.03523],
						"0.6667": [0, 0, 0]
					},
					"position": {
						"0.0": [0, 0, 0],
						"0.2083": [0, 0, 0],
						"0.375": [0, -2, 0],
						"0.6667": [0, 0, 0]
					}
				},
				"left_arm": {
					"rotation": {
						"0.0": [0.07713, -1.91134, -4.62111],
						"0.2083": [-44.92287, -1.91134, -4.62111],
						"0.375": [45.07713, -1.91134, -4.62111],
						"0.6667": [0.07713, -1.91134, -4.62111]
					}
				},
				"right_arm": {
					"rotation": {
						"0.0": [-0.07713, -1.91134, 4.62111],
						"0.2083": [22.42287, -1.91134, 4.62111],
						"0.375": [-84.62383, 14.65408, 25.29977],
						"0.6667": [-0.07713, -1.91134, 4.62111]
					}
				},
				"left_leg": {
					"rotation": {
						"0.0": [0, 0, 0],
						"0.2083": [22.5, 0, 0],
						"0.375": [45, 0, 0],
						"0.6667": [0, 0, 0]
					},
					"position": {
						"0.0": [0, 0, 0],
						"0.2083": [0, 0, 0],
						"0.375": [0, -2, 1],
						"0.6667": [0, 0, 0]
					}
				},
				"right_leg": {
					"rotation": {
						"0.0": [0, 0, 0],
						"0.2083": [-22.5, 0, 0],
						"0.375": [-20, 0, 0],
						"0.6667": [0, 0, 0]
					},
					"position": {
						"0.0": [0, 0, 0],
						"0.2083": [0, 0, 0],
						"0.375": [0, 0, -2],
						"0.6667": [0, 0, 0]
					}
				},
				"weapon": {
					"rotation": {
						"0.0": [-2.5, 0, 0],
						"0.2083": [-25, 0, 0],
						"0.375": [65.18803, 3.1622, 6.80423],
						"0.6667": [-2.5, 0, 0]
					},
					"position": {
						"0.0": [0, 0, 0],
						"0.2083": [0, -1, 3],
						"0.375": [0, -5, -9],
						"0.6667": [0, 0, 0]
					}
				}
			}
		}
	}
}