{
	"format_version": "1.8.0",
	"animations": {
		"sprinting_default": {
			"loop": true,
			"animation_length": 0.5,
			"bones": {
				"body": {
					"rotation": {
						"0.0": [11.03901, 24.82184, 3.25122],
						"0.25": [10.77489, -19.82739, -3.13674],
						"0.5": [11.03901, 24.82184, 3.25122]
					},
					"position": {
						"0.0": [0, -1, 0],
						"0.125": [0, 0, 0],
						"0.25": [0, -1, 0],
						"0.375": [0, 0, 0],
						"0.5": [0, -1, 0]
					}
				},
				"leftArm": {
					"rotation": {
						"0.0": [67.5, 0, -5],
						"0.25": [-67.5, 0, -5],
						"0.5": [67.5, 0, -5]
					},
					"position": {
						"0.0": [0, 0, 0],
						"0.25": [0, 0, 0],
						"0.5": [0, 0, 0]
					}
				},
				"leftItem": {
					"rotation": {
						"0.0": [0, 0, 0],
						"0.25": [0, 0, 0],
						"0.5": [0, 0, 0]
					},
					"position": {
						"0.0": [0, 0, 0],
						"0.25": [0, 0, 0],
						"0.5": [0, 0, 0]
					}
				},
				"rightArm": {
					"rotation": {
						"0.0": [-67.71803, -2.49048, 5.00474],
						"0.25": [67.28197, -2.49048, 5.00474],
						"0.5": [-67.71803, -2.49048, 5.00474]
					},
					"position": {
						"0.0": [0, 0, 0],
						"0.25": [0, 0, 0],
						"0.5": [0, 0, 0]
					}
				},
				"rightItem": {
					"rotation": {
						"0.0": [0, 0, 0],
						"0.25": [0, 0, 0],
						"0.5": [0, 0, 0]
					},
					"position": {
						"0.0": [0, 0, 0],
						"0.25": [0, 0, 0],
						"0.5": [0, 0, 0]
					}
				},
				"leftLeg": {
					"rotation": {
						"0.0": [-45, 0, 0],
						"0.25": [67.5, 0, 0],
						"0.375": [33.75, 0, 0],
						"0.5": [-45, 0, 0]
					},
					"position": {
						"0.0": [0, 0, 0],
						"0.25": [0, 0, 0],
						"0.375": [0, 2, -3],
						"0.5": [0, 0, 0]
					}
				},
				"rightLeg": {
					"rotation": {
						"0.0": [67.5, 0, 0],
						"0.125": [41.25, 0, 0],
						"0.25": [-45, 0, 0],
						"0.5": [67.5, 0, 0]
					},
					"position": {
						"0.0": [0, 0, 0],
						"0.125": [0, 2, -3],
						"0.25": [0, 0, 0],
						"0.5": [0, 0, 0]
					}
				},
				"head": {
					"position": {
						"0.0": [0, 0, 0],
						"0.125": [0, 0, 0],
						"0.25": [0, 0, 0],
						"0.375": [0, 0, 0],
						"0.5": [0, 0, 0]
					}
				}
			}
		}
	}
}