{
	"format_version": "1.8.0",
	"animations": {
		"sprinting _pole_two_hand": {
			"animation_length": 0.5,
			"bones": {
				"leftArm": {
					"rotation": {
						"0.0": {
							"vector": [0, 0, -22.5]
						},
						"0.125": {
							"vector": [5, 0, -22.5]
						},
						"0.25": {
							"vector": [0, 0, -22.5]
						},
						"0.375": {
							"vector": [5, 0, -22.5]
						},
						"0.5": {
							"vector": [0, 0, -22.5]
						}
					}
				},
				"body": {
					"rotation": {
						"0.0": {
							"vector": [30.36119, -40.78947, -20.94102]
						},
						"0.125": {
							"vector": [28.40086, -36.43129, -17.80232]
						},
						"0.25": {
							"vector": [30.36119, -40.78947, -20.94102]
						},
						"0.375": {
							"vector": [32.79781, -45.05075, -24.51604]
						},
						"0.5": {
							"vector": [30.36119, -40.78947, -20.94102]
						}
					},
					"position": {
						"0.0": {
							"vector": [0, 0, 0]
						},
						"0.125": {
							"vector": [0, -1, 0]
						},
						"0.25": {
							"vector": [0, 0, 0]
						},
						"0.375": {
							"vector": [0, -1, 0]
						},
						"0.5": {
							"vector": [0, 0, 0]
						}
					}
				},
				"rightArm": {
					"rotation": {
						"0.0": {
							"vector": [-67.5, -45, 0]
						},
						"0.125": {
							"vector": [-66.48259, -47.30126, -1.41047]
						},
						"0.25": {
							"vector": [-67.5, -45, 0]
						},
						"0.375": {
							"vector": [-66.48259, -47.30126, -1.41047]
						},
						"0.5": {
							"vector": [-67.5, -45, 0]
						}
					}
				},
				"rightItem": {
					"rotation": {
						"vector": [-22.5, 0, 0]
					},
					"position": {
						"vector": [0, 1, -5]
					}
				},
				"leftLeg": {
					"rotation": {
						"0.0": {
							"vector": [22.5, 0, 0]
						},
						"0.125": {
							"vector": [-22.5, 0, 0]
						},
						"0.25": {
							"vector": [0, 0, 0]
						},
						"0.375": {
							"vector": [67.5, 0, 0]
						},
						"0.5": {
							"vector": [22.5, 0, 0]
						}
					},
					"position": {
						"0.0": {
							"vector": [0, 2, -2]
						},
						"0.125": {
							"vector": [0, 0, 0]
						},
						"0.25": {
							"vector": [0, 0, 1]
						},
						"0.375": {
							"vector": [0, 0, 0]
						},
						"0.5": {
							"vector": [0, 2, -2]
						}
					}
				},
				"rightLeg": {
					"rotation": {
						"0.0": {
							"vector": [0, 0, 0]
						},
						"0.125": {
							"vector": [67.5, 0, 0]
						},
						"0.25": {
							"vector": [45, 0, 0]
						},
						"0.375": {
							"vector": [-22.5, 0, 0]
						},
						"0.5": {
							"vector": [0, 0, 0]
						}
					},
					"position": {
						"0.0": {
							"vector": [0, 0, -2]
						},
						"0.125": {
							"vector": [0, 0, -2]
						},
						"0.25": {
							"vector": [0, 1, -5]
						},
						"0.375": {
							"vector": [0, 0, -2]
						},
						"0.5": {
							"vector": [0, 0, -2]
						}
					}
				},
				"rightHand": {
					"rotation": {
						"vector": [0, 67.5, 0]
					}
				}
			}
		},
		"sprinting_pole_two_hand": {
			"animation_length": 0.5,
			"bones": {
				"leftArm": {
					"rotation": {
						"0.0": {
							"vector": [0, 0, -30]
						},
						"0.125": {
							"vector": [0, 0, -30]
						},
						"0.25": {
							"vector": [0, 0, -30]
						},
						"0.375": {
							"vector": [0, 0, -30]
						},
						"0.5": {
							"vector": [0, 0, -30]
						}
					}
				},
				"body": {
					"rotation": {
						"0.0": {
							"vector": [0, -45, 0]
						},
						"0.125": {
							"vector": [0, -50, 0]
						},
						"0.25": {
							"vector": [0, -45, 0]
						},
						"0.375": {
							"vector": [0, -40, 0]
						},
						"0.5": {
							"vector": [0, -45, 0]
						}
					},
					"position": {
						"0.0": {
							"vector": [0, 0, 0]
						},
						"0.125": {
							"vector": [0, -1, 0]
						},
						"0.25": {
							"vector": [0, 0, 0]
						},
						"0.375": {
							"vector": [0, -1, 0]
						},
						"0.5": {
							"vector": [0, 0, 0]
						}
					}
				},
				"rightArm": {
					"rotation": {
						"0.0": {
							"vector": [-90, -22.5, 0]
						},
						"0.125": {
							"vector": [-90, -22.5, 0]
						},
						"0.25": {
							"vector": [-90, -22.5, 0]
						},
						"0.375": {
							"vector": [-90, -22.5, 0]
						},
						"0.5": {
							"vector": [-90, -22.5, 0]
						}
					}
				},
				"rightItem": {
					"rotation": {
						"0.0": {
							"vector": [15, 0, 0]
						},
						"0.125": {
							"vector": [15, 0, 0]
						},
						"0.25": {
							"vector": [15, 0, 0]
						},
						"0.375": {
							"vector": [15, 0, 0]
						},
						"0.5": {
							"vector": [15, 0, 0]
						}
					},
					"position": {
						"0.0": {
							"vector": [0, -1, 0]
						},
						"0.125": {
							"vector": [0, -1, 0]
						},
						"0.25": {
							"vector": [0, -1, 0]
						},
						"0.375": {
							"vector": [0, -1, 0]
						},
						"0.5": {
							"vector": [0, -1, 0]
						}
					}
				},
				"leftLeg": {
					"rotation": {
						"0.0": {
							"vector": [22.5, 0, 0]
						},
						"0.125": {
							"vector": [-45, 0, 0]
						},
						"0.25": {
							"vector": [-22.5, 0, 0]
						},
						"0.375": {
							"vector": [45, 0, 0]
						},
						"0.5": {
							"vector": [22.5, 0, 0]
						}
					},
					"position": {
						"0.0": {
							"vector": [0, 2, -1]
						},
						"0.125": {
							"vector": [0, 0, 0]
						},
						"0.25": {
							"vector": [0, 0, 1]
						},
						"0.375": {
							"vector": [0, 0, 0]
						},
						"0.5": {
							"vector": [0, 2, -1]
						}
					}
				},
				"rightLeg": {
					"rotation": {
						"0.0": {
							"vector": [-22.5, 0, 0]
						},
						"0.125": {
							"vector": [45, 0, 0]
						},
						"0.25": {
							"vector": [22.5, 0, 0]
						},
						"0.375": {
							"vector": [-45, 0, 0]
						},
						"0.5": {
							"vector": [-22.5, 0, 0]
						}
					},
					"position": {
						"0.0": {
							"vector": [0, 0, -2]
						},
						"0.125": {
							"vector": [0, 0, -2]
						},
						"0.25": {
							"vector": [0, 2, -5]
						},
						"0.375": {
							"vector": [0, 0, -2]
						},
						"0.5": {
							"vector": [0, 0, -2]
						}
					}
				},
				"rightHand": {
					"rotation": {
						"0.0": {
							"vector": [0, 67.5, 0]
						},
						"0.125": {
							"vector": [0, 67.5, 0]
						},
						"0.25": {
							"vector": [0, 67.5, 0]
						},
						"0.375": {
							"vector": [0, 67.5, 0]
						},
						"0.5": {
							"vector": [0, 67.5, 0]
						}
					}
				},
				"head": {
					"rotation": {
						"0.0": {
							"vector": [0, 45, 0]
						},
						"0.125": {
							"vector": [0, 45, 0]
						},
						"0.25": {
							"vector": [0, 45, 0]
						},
						"0.375": {
							"vector": [0, 45, 0]
						},
						"0.5": {
							"vector": [0, 45, 0]
						}
					}
				},
				"controller": {
					"rotation": {
						"0.0": {
							"vector": [22.5, 0, 0]
						},
						"0.125": {
							"vector": [22.5, 0, 0]
						},
						"0.25": {
							"vector": [22.5, 0, 0]
						},
						"0.375": {
							"vector": [22.5, 0, 0]
						},
						"0.5": {
							"vector": [22.5, 0, 0]
						}
					}
				}
			}
		}
	}
}