{
	"format_version": "1.8.0",
	"animations": {
		"sprinting_default": {
			"loop": true,
			"animation_length": 0.5,
			"bones": {
				"body": {
					"rotation": {
						"0.0": [22.67458, -6.92618, -2.88419],
						"0.25": [22.67458, 6.92618, 2.88419],
						"0.5": [22.67458, -6.92618, -2.88419]
					},
					"position": {
						"0.0": [0, -1, 0],
						"0.125": [0, -0.5, 0],
						"0.25": [0, -1, 0],
						"0.375": [0, -0.25, 0],
						"0.5": [0, -1, 0]
					}
				},
				"leftArm": {
					"rotation": {
						"0.0": [44.82542, 6.92618, -2.88419],
						"0.25": [-90.17458, -6.92618, 2.88419],
						"0.5": [44.82542, 6.92618, -2.88419]
					},
					"position": {
						"0.0": [0, 0, 0],
						"0.25": [0, 0, 0],
						"0.5": [0, 0, 0]
					}
				},
				"leftItem": {
					"rotation": {
						"0.0": [0, 0, 0],
						"0.25": [0, 0, 0],
						"0.5": [0, 0, 0]
					},
					"position": {
						"0.0": [0, 0, 0],
						"0.25": [0, 0, 0],
						"0.5": [0, 0, 0]
					}
				},
				"rightArm": {
					"rotation": {
						"0.0": [-83.48117, -4.68721, 3.92786],
						"0.125": [-18.0258, 6.30114, -2.30452],
						"0.25": [45.0031, 0.00219, -0.00658],
						"0.375": [-18.0258, 6.30114, -2.30452],
						"0.5": [-83.48117, -4.68721, 3.92786]
					},
					"position": {
						"0.0": [0, 0, 0],
						"0.25": [0, 0, 0],
						"0.5": [0, 0, 0]
					}
				},
				"rightItem": {
					"rotation": {
						"0.0": [0, 0, 0],
						"0.25": [0, 0, 0],
						"0.5": [0, 0, 0]
					},
					"position": {
						"0.0": [0, 0, 0],
						"0.25": [0, 0, 0],
						"0.5": [0, 0, 0]
					}
				},
				"leftLeg": {
					"rotation": {
						"0.0": [-45, 0, 0],
						"0.25": [67.5, 0, 0],
						"0.5": [-45, 0, 0]
					},
					"position": {
						"0.0": [0, 0, 0],
						"0.25": [0, 0, 0],
						"0.375": [0, 2, -4],
						"0.5": [0, 0, 0]
					}
				},
				"rightLeg": {
					"rotation": {
						"0.0": [67.5, 0, 0],
						"0.25": [-45, 0, 0],
						"0.5": [67.5, 0, 0]
					},
					"position": {
						"0.0": [0, 0, 0],
						"0.125": [0, 2, -3],
						"0.25": [0, 0, 0],
						"0.5": [0, 0, 0]
					}
				}
			}
		}
	}
}