{
	"format_version": "1.8.0",
	"animations": {
		"blocking_shield_idle": {
			"loop": true,
			"animation_length": 4,
			"bones": {
				"controller": {
					"rotation": {
						"0.0": [0, 22.5, 0],
						"2.0": [0, 22.5, 0],
						"4.0": [0, 22.5, 0]
					},
					"position": {
						"0.0": [0, 0, 0],
						"2.0": [0, 0, 0],
						"4.0": [0, 0, 0]
					}
				},
				"waist": {
					"rotation": {
						"0.0": [0, 0, 0],
						"2.0": [0, 0, 0],
						"4.0": [0, 0, 0]
					},
					"position": {
						"0.0": [0, 0, 0],
						"2.0": [0, 0, 0],
						"4.0": [0, 0, 0]
					}
				},
				"leftShoulder": {
					"rotation": {
						"0.0": [-57.45013, 1.76699, 0.73286],
						"2.0": [-62.45013, 1.76699, 0.73286],
						"4.0": [-57.45013, 1.76699, 0.73286]
					},
					"position": {
						"0.0": [0, 0, 0],
						"2.0": [0, 0, 0],
						"4.0": [0, 0, 0]
					}
				},
				"leftArm": {
					"rotation": {
						"0.0": [4.99515, -0.20561, 2.35104],
						"2.0": [4.99515, -0.20561, 2.35104],
						"4.0": [4.99515, -0.20561, 2.35104]
					},
					"position": {
						"0.0": [0, 0, 0],
						"2.0": [0, 0, 0],
						"4.0": [0, 0, 0]
					}
				},
				"leftHand": {
					"rotation": {
						"0.0": [0, 0, 0],
						"2.0": [0, 0, 0],
						"4.0": [0, 0, 0]
					}
				},
				"rightShoulder": {
					"rotation": {
						"0.0": [0, 0, 0],
						"2.0": [0, 0, 0],
						"4.0": [0, 0, 0]
					},
					"position": {
						"0.0": [0, 0, 0],
						"2.0": [0, 0, 0],
						"4.0": [0, 0, 0]
					}
				},
				"rightArm": {
					"rotation": {
						"0.0": [0, 0, 2.5],
						"2.0": [0, 0, 7.5],
						"4.0": [0, 0, 2.5]
					},
					"position": {
						"0.0": [0, 0, 0],
						"2.0": [0, 0, 0],
						"4.0": [0, 0, 0]
					}
				},
				"leftHip": {
					"rotation": {
						"0.0": [0, -22.5, 0],
						"2.0": [0, -22.5, 0],
						"4.0": [0, -22.5, 0]
					},
					"position": {
						"0.0": [0, 0, 0],
						"2.0": [0, 0, 0],
						"4.0": [0, 0, 0]
					}
				},
				"leftLeg": {
					"rotation": {
						"0.0": [0, 0, 0],
						"2.0": [0, 0, 0],
						"4.0": [0, 0, 0]
					},
					"position": {
						"0.0": [0, 0, 0],
						"2.0": [0, 0, 0],
						"4.0": [0, 0, 0]
					}
				},
				"rightHip": {
					"rotation": {
						"0.0": [0, 0, 0],
						"2.0": [0, 0, 0],
						"4.0": [0, 0, 0]
					},
					"position": {
						"0.0": [0, 0, 0],
						"2.0": [0, 0, 0],
						"4.0": [0, 0, 0]
					}
				},
				"rightLeg": {
					"rotation": {
						"0.0": [0, 0, 0],
						"2.0": [0, 0, 0],
						"4.0": [0, 0, 0]
					},
					"position": {
						"0.0": [0, 0, 0],
						"2.0": [0, 0, 0],
						"4.0": [0, 0, 0]
					}
				}
			}
		},
		"blocking_shield_walking": {
			"loop": true,
			"animation_length": 2,
			"bones": {
				"controller": {
					"rotation": {
						"0.0": [0, 22.5, 0],
						"0.5": [0, 22.5, 0],
						"1.0": [0, 22.5, 0],
						"1.5": [0, 22.5, 0],
						"2.0": [0, 22.5, 0]
					},
					"position": {
						"0.0": [0, 0, 0],
						"0.5": [0, 0, 0],
						"1.0": [0, 0, 0],
						"1.5": [0, 0, 0],
						"2.0": [0, 0, 0]
					}
				},
				"waist": {
					"rotation": {
						"0.0": [0, 0, 0],
						"0.5": [0, -2.5, 0],
						"1.0": [0, 0, 0],
						"1.5": [0, 2.5, 0],
						"2.0": [0, 0, 0]
					},
					"position": {
						"0.0": [0, 0, 0],
						"0.5": [0, -1, 0],
						"1.0": [0, 0, 0],
						"1.5": [0, -1, 0],
						"2.0": [0, 0, 0]
					}
				},
				"leftShoulder": {
					"rotation": {
						"0.0": [-57.45013, 1.76699, 0.73286],
						"0.5": [-57.45013, 1.76699, 0.73286],
						"1.0": [-57.45013, 1.76699, 0.73286],
						"1.5": [-57.45013, 1.76699, 0.73286],
						"2.0": [-57.45013, 1.76699, 0.73286]
					},
					"position": {
						"0.0": [0, 0, 0],
						"0.5": [0, 0, 0],
						"1.0": [0, 0, 0],
						"1.5": [0, 0, 0],
						"2.0": [0, 0, 0]
					}
				},
				"leftArm": {
					"rotation": {
						"0.0": [4.88206, -1.08089, 12.45392],
						"0.5": [7.38206, -1.08089, 12.45392],
						"1.0": [4.88206, -1.08089, 12.45392],
						"1.5": [2.38206, -1.08089, 12.45392],
						"2.0": [4.88206, -1.08089, 12.45392]
					},
					"position": {
						"0.0": [0, 0, 0],
						"0.5": [0, 0, 0],
						"1.0": [0, 0, 0],
						"1.5": [0, 0, 0],
						"2.0": [0, 0, 0]
					}
				},
				"leftHand": {
					"rotation": {
						"0.0": [0, 22.5, 0],
						"0.5": [0, 22.5, 0],
						"1.0": [0, 22.5, 0],
						"1.5": [0, 22.5, 0],
						"2.0": [0, 22.5, 0]
					}
				},
				"leftItem": {
					"rotation": {
						"0.0": [0, 0, 0],
						"0.5": [0, 0, 0],
						"1.0": [0, 0, 0],
						"1.5": [0, 0, 0],
						"2.0": [0, 0, 0]
					}
				},
				"rightShoulder": {
					"rotation": {
						"0.0": [0, 0, 0],
						"0.5": [-10, 0, 0],
						"1.0": [0, 0, 0],
						"1.5": [10, 0, 0],
						"2.0": [0, 0, 0]
					},
					"position": {
						"0.0": [0, 0, 0],
						"0.5": [0, 0, 0],
						"1.0": [0, 0, 0],
						"1.5": [0, 0, 0],
						"2.0": [0, 0, 0]
					}
				},
				"rightArm": {
					"rotation": {
						"0.0": [0, 0, 2.5],
						"0.5": [0, 0, 2.5],
						"1.0": [0, 0, 2.5],
						"1.5": [0, 0, 2.5],
						"2.0": [0, 0, 2.5]
					},
					"position": {
						"0.0": [0, 0, 0],
						"0.5": [0, 0, 0],
						"1.0": [0, 0, 0],
						"1.5": [0, 0, 0],
						"2.0": [0, 0, 0]
					}
				},
				"leftHip": {
					"rotation": {
						"0.0": [0, -22.5, 0],
						"0.5": [0, -22.5, 0],
						"1.0": [0, -22.5, 0],
						"1.5": [0, -22.5, 0],
						"2.0": [0, -22.5, 0]
					},
					"position": {
						"0.0": [0, 0, 0],
						"0.5": [0, 0, 0],
						"1.0": [0, 0, 0],
						"1.5": [0, 0, 0],
						"2.0": [0, 0, 0]
					}
				},
				"leftLeg": {
					"rotation": {
						"0.0": [0, 0, 0],
						"0.5": [-22.5, 0, 0],
						"1.0": [0, 0, 0],
						"1.5": [22.5, 0, 0],
						"2.0": [0, 0, 0]
					},
					"position": {
						"0.0": [0, 0, 0],
						"0.5": [0, 0, 0],
						"1.0": [0, 0, 0],
						"1.5": [0, 0, 0],
						"2.0": [0, 0, 0]
					}
				},
				"rightHip": {
					"rotation": {
						"0.0": [0, -22.5, 0],
						"0.5": [0, -22.5, 0],
						"1.0": [0, -22.5, 0],
						"1.5": [0, -22.5, 0],
						"2.0": [0, -22.5, 0]
					},
					"position": {
						"0.0": [0, 0, 0],
						"0.5": [0, 0, 0],
						"1.0": [0, 0, 0],
						"1.5": [0, 0, 0],
						"2.0": [0, 0, 0]
					}
				},
				"rightLeg": {
					"rotation": {
						"0.0": [0, 0, 0],
						"0.5": [22.5, 0, 0],
						"1.0": [0, 0, 0],
						"1.5": [-22.5, 0, 0],
						"2.0": [0, 0, 0]
					},
					"position": {
						"0.0": [0, 0, 0],
						"0.5": [0, 0, 0],
						"1.0": [0, 0, 0],
						"1.5": [0, 0, 0],
						"2.0": [0, 0, 0]
					}
				}
			}
		}
	}
}