{
	"format_version": "1.8.0",
	"animations": {
		"polearm_one_handed_sprinting": {
			"animation_length": 0.5,
			"bones": {
				"body": {
					"rotation": {
						"0.0": [24.14867, 20.70481, 9.00717],
						"0.25": [22.5, 0, 0],
						"0.5": [24.14867, 20.70481, 9.00717]
					}
				},
				"head": {
					"rotation": {
						"0.0": [-21.29528, -13.2177, -3.91409],
						"0.25": [-21.76284, -0.01296, 0.11589],
						"0.5": [-21.29528, -13.2177, -3.91409]
					}
				},
				"left_arm": {
					"rotation": {
						"0.0": [22.19157, 3.81024, -9.25249],
						"0.25": [-90, 0, 0],
						"0.5": [22.19157, 3.81024, -9.25249]
					}
				},
				"right_arm": {
					"rotation": {
						"0.0": [29.80393, 35.76932, 27.72029],
						"0.25": [54.73561, 30, 35.26439],
						"0.5": [29.80393, 35.76932, 27.72029]
					},
					"position": [0.5, 0, 0.5]
				},
				"left_leg": {
					"rotation": {
						"0.0": [-45, 0, 0],
						"0.25": [45, 0, 0],
						"0.5": [-45, 0, 0]
					},
					"position": {
						"0.0": [0, 0, -1.5],
						"0.25": [0, 0, 0.25],
						"0.5": [0, 0, -1.5]
					}
				},
				"right_leg": {
					"rotation": {
						"0.0": [45, 0, 0],
						"0.25": [-45, 0, 0],
						"0.5": [45, 0, 0]
					},
					"position": {
						"0.0": [0, 0, 1.5],
						"0.25": [0, 0, 0],
						"0.5": [0, 0, 1.5]
					}
				}
			}
		}
	}
}