{
	"format_version": "1.8.0",
	"animations": {
		"polearm_one_handed_sprinting_thrust": {
			"animation_length": 0.5,
			"bones": {
				"body": {
					"rotation": {
						"0.0": [22.5, 0, 0],
						"0.125": [22.5, 0, 0],
						"0.25": [24.14867, -20.70481, -9.00717],
						"0.5": [0, 0, 0]
					},
					"position": {
						"0.0": [0, 0, 0],
						"0.125": [0, 0, 0],
						"0.25": [0, 0, 0],
						"0.5": [0, 0, 0]
					},
					"scale": {
						"0.0": [1, 1, 1],
						"0.125": [1, 1, 1],
						"0.25": [1, 1, 1],
						"0.5": [1, 1, 1]
					}
				},
				"head": {
					"rotation": {
						"0.0": [-22.5, 0, 0],
						"0.125": [-22.5, 5, 0],
						"0.25": [-22.5, 17.5, 0],
						"0.5": [0, 0, 0]
					}
				},
				"left_arm": {
					"rotation": {
						"0.0": [-65.85133, -20.70481, -9.00717],
						"0.125": [-20.94102, -8.42106, -20.94102],
						"0.25": [20.94102, 8.42106, -20.94102],
						"0.5": [0, 0, 0]
					},
					"position": {
						"0.0": [0, 0, 0],
						"0.125": [0, 0, 0],
						"0.25": [0, 0, 0],
						"0.5": [0, 0, 0]
					},
					"scale": {
						"0.0": [1, 1, 1],
						"0.125": [1, 1, 1],
						"0.25": [1, 1, 1],
						"0.5": [1, 1, 1]
					}
				},
				"right_arm": {
					"rotation": {
						"0.0": [49.20004, -1.18026, 31.37979],
						"0.125": [8.66463, -1.02739, 22.42217],
						"0.25": [-82.42379, 27.46043, 44.48961],
						"0.5": [0, 0, 0]
					},
					"position": {
						"0.0": [0, 0, 0],
						"0.125": [0, 0, 0],
						"0.25": [0, 0, 0],
						"0.5": [0, 0, 0]
					},
					"scale": {
						"0.0": [1, 1, 1],
						"0.125": [1, 1, 1],
						"0.25": [1, 1, 1],
						"0.5": [1, 1, 1]
					}
				},
				"weapon": {
					"rotation": {
						"0.0": [-22.5, 0, 0],
						"0.125": [-22.5, 0, 0],
						"0.25": [67.5, 0, 0],
						"0.5": [0, 0, 0]
					},
					"position": {
						"0.0": [0, 0, 0],
						"0.125": [0, 0, 0],
						"0.25": [0, 0, 0],
						"0.5": [0, 0, 0]
					},
					"scale": {
						"0.0": [1, 1, 1],
						"0.125": [1, 1, 1],
						"0.25": [1, 1, 1],
						"0.5": [1, 1, 1]
					}
				},
				"left_leg": {
					"rotation": {
						"0.0": [-45, 0, 0],
						"0.125": [0, 0, 0],
						"0.25": [45, 0, 0],
						"0.5": [0, 0, 0]
					},
					"position": {
						"0.0": [0, 0, -1],
						"0.125": [0, 0, 0],
						"0.25": [0, 0, 1],
						"0.5": [0, 0, 0]
					},
					"scale": {
						"0.0": [1, 1, 1],
						"0.125": [1, 1, 1],
						"0.25": [1, 1, 1],
						"0.5": [1, 1, 1]
					}
				},
				"right_leg": {
					"rotation": {
						"0.0": [45, 0, 0],
						"0.125": [0, 0, 0],
						"0.25": [-45, 0, 0],
						"0.5": [0, 0, 0]
					},
					"position": {
						"0.0": [0, 0, 1],
						"0.125": [0, 0, 0],
						"0.25": [0, 0, -1],
						"0.5": [0, 0, 0]
					},
					"scale": {
						"0.0": [1, 1, 1],
						"0.125": [1, 1, 1],
						"0.25": [1, 1, 1],
						"0.5": [1, 1, 1]
					}
				}
			}
		}
	}
}